,一句话概括,中文名,电影信息,评价数量,评分
0,希望让人自由。,肖申克的救赎,['\n                            导演: 弗兰克・德拉邦特 Frank Darabont\xa0\xa0\xa0主演: 蒂姆・罗宾斯 Tim Robbins /...'],1334437人评价,9.6
0,风华绝代。,霸王别姬,['\n                            导演: 陈凯歌 Kaige Chen\xa0\xa0\xa0主演: 张国荣 Leslie Cheung / 张丰毅 Fengyi Zha...'],985345人评价,9.6
0,怪蜀黍和小萝莉不得不说的故事。,这个杀手不太冷,['\n                            导演: 吕克・贝松 Luc Besson\xa0\xa0\xa0主演: 让・雷诺 Jean Reno / 娜塔莉・波特曼 ...'],1220764人评价,9.4
0,一部美国近现代史。,阿甘正传,['\n                            导演: 罗伯特・泽米吉斯 Robert Zemeckis\xa0\xa0\xa0主演: 汤姆・汉克斯 Tom Hanks / ...'],1051154人评价,9.4
0,最美的谎言。,美丽人生,['\n                            导演: 罗伯托・贝尼尼 Roberto Benigni\xa0\xa0\xa0主演: 罗伯托・贝尼尼 Roberto Beni...'],615039人评价,9.5
0,失去的才是永恒的。 ,泰坦尼克号,['\n                            导演: 詹姆斯・卡梅隆 James Cameron\xa0\xa0\xa0主演: 莱昂纳多・迪卡普里奥 Leonardo...'],989701人评价,9.3
0,最好的宫崎骏，最好的久石让。 ,千与千寻,['\n                            导演: 宫崎骏 Hayao Miyazaki\xa0\xa0\xa0主演: 艾美 Rumi H?ragi / 入野自由 Miy...'],978707人评价,9.3
0,拯救一个人，就是拯救整个世界。,辛德勒的名单,['\n                            导演: 史蒂文・斯皮尔伯格 Steven Spielberg\xa0\xa0\xa0主演: 连姆・尼森 Liam Neeson...'],548844人评价,9.5
0,诺兰给了我们一场无法盗取的梦。,盗梦空间,['\n                            导演: 克里斯托弗・诺兰 Christopher Nolan\xa0\xa0\xa0主演: 莱昂纳多・迪卡普里奥 Le...'],1063905人评价,9.3
0,永远都不能忘记你所爱的人。,忠犬八公的故事,['\n                            导演: 莱塞・霍尔斯道姆 Lasse Hallstr?m\xa0\xa0\xa0主演: 理查・基尔 Richard Ger...'],695174人评价,9.3
0,小瓦力，大人生。,机器人总动员,['\n                            导演: 安德鲁・斯坦顿 Andrew Stanton\xa0\xa0\xa0主演: 本・贝尔特 Ben Burtt / 艾丽...'],705700人评价,9.3
0,英俊版憨豆，高情商版谢耳朵。,三傻大闹宝莱坞,['\n                            导演: 拉库马・希拉尼 Rajkumar Hirani\xa0\xa0\xa0主演: 阿米尔・汗 Aamir Khan / 卡...'],951701人评价,9.2
0,每个人都要走一条自己坚定了的路，就算是粉身碎骨。 ,海上钢琴师,['\n                            导演: 朱塞佩・托纳多雷 Giuseppe Tornatore\xa0\xa0\xa0主演: 蒂姆・罗斯 Tim Roth / ...'],786192人评价,9.2
0,天籁一般的童声，是最接近上帝的存在。 ,放牛班的春天,['\n                            导演: 克里斯托夫・巴拉蒂 Christophe Barratier\xa0\xa0\xa0主演: 热拉尔・朱尼奥 Gé...'],657617人评价,9.3
0,如果再也不能见到你，祝你早安，午安，晚安。,楚门的世界,['\n                            导演: 彼得・威尔 Peter Weir\xa0\xa0\xa0主演: 金・凯瑞 Jim Carrey / 劳拉・琳妮 Lau...'],721561人评价,9.2
0,一生所爱。,大话西游之大圣娶亲,['\n                            导演: 刘镇伟 Jeffrey Lau\xa0\xa0\xa0主演: 周星驰 Stephen Chow / 吴孟达 Man Tat Ng...'],733617人评价,9.2
0,爱是一种力量，让我们超越时空感知它的存在。,星际穿越,['\n                            导演: 克里斯托弗・诺兰 Christopher Nolan\xa0\xa0\xa0主演: 马修・麦康纳 Matthew Mc...'],749972人评价,9.2
0,人人心中都有个龙猫，童年就永远不会消失。,龙猫,['\n                            导演: 宫崎骏 Hayao Miyazaki\xa0\xa0\xa0主演: 日高法子 Noriko Hidaka / 坂本千夏 Ch...'],648373人评价,9.2
0,千万不要记恨你的对手，这样会让你失去理智。,教父,['\n                            导演: 弗朗西斯・福特・科波拉 Francis Ford Coppola\xa0\xa0\xa0主演: 马龙・白兰度 M...'],478650人评价,9.2
0,我们一路奋战不是为了改变世界，而是为了不让世界改变我们。,熔炉,['\n                            导演: 黄东赫 Dong-hyuk Hwang\xa0\xa0\xa0主演: 孔侑 Yoo Gong / 郑有美 Yu-mi Jeong ...'],419240人评价,9.3
0,香港电影史上永不过时的杰作。,无间道,['\n                            导演: 刘伟强 / 麦兆辉\xa0\xa0\xa0主演: 刘德华 / 梁朝伟 / 黄秋生'],601779人评价,9.1
0,迪士尼给我们营造的乌托邦就是这样，永远善良勇敢，永远出乎意料。,疯狂动物城,['\n                            导演: 拜伦・霍华德 Byron Howard / 瑞奇・摩尔 Rich Moore\xa0\xa0\xa0主演: 金妮弗・...'],818628人评价,9.2
0,平民励志片。 ,当幸福来敲门,['\n                            导演: 加布里尔・穆奇诺 Gabriele Muccino\xa0\xa0\xa0主演: 威尔・史密斯 Will Smith ...'],768888人评价,9.0
0,真正的幸福是来自内心深处。,怦然心动,['\n                            导演: 罗伯・莱纳 Rob Reiner\xa0\xa0\xa0主演: 玛德琳・卡罗尔 Madeline Carroll / 卡...'],845549人评价,9.0
0,满满温情的高雅喜剧。,触不可及,['\n                            导演: 奥利维・那卡什 Olivier Nakache / 艾力克・托兰达 Eric Toledano\xa0\xa0\xa0主...'],505082人评价,9.2
0,Tomorrow is another day.,乱世佳人,['\n                            导演: 维克多・弗莱明 Victor Fleming / 乔治・库克 George Cukor\xa0\xa0\xa0主演: 费...'],357666人评价,9.2
0,无尽的黑暗。,蝙蝠侠：黑暗骑士,['\n                            导演: 克里斯托弗・诺兰 Christopher Nolan\xa0\xa0\xa0主演: 克里斯蒂安・贝尔 Christ...'],488527人评价,9.1
0,张艺谋最好的电影。,活着,['\n                            导演: 张艺谋 Yimou Zhang\xa0\xa0\xa0主演: 葛优 You Ge / 巩俐 Li Gong / 姜武 Wu Jiang'],393806人评价,9.2
0,瑰丽壮观、无人能及的冒险之旅。,少年派的奇幻漂流,['\n                            导演: 李安 Ang Lee\xa0\xa0\xa0主演: 苏拉・沙玛 Suraj Sharma / 伊尔凡・可汗 Irrfan...'],775385人评价,9.0
0,那些吻戏，那些青春，都在影院的黑暗里被泪水冲刷得无比清晰。,天堂电影院,['\n                            导演: 朱塞佩・托纳多雷 Giuseppe Tornatore\xa0\xa0\xa0主演: 安东内拉・阿蒂利 Anton...'],387227人评价,9.2
0,对敌人的仁慈，就是对自己残忍。,鬼子来了,['\n                            导演: 姜文 Wen Jiang\xa0\xa0\xa0主演: 姜文 Wen Jiang / 香川照之 Teruyuki Kagawa /...'],323322人评价,9.2
0,1957年的理想主义。 ,十二怒汉,['\n                            导演: Sidney Lumet\xa0\xa0\xa0主演: 亨利・方达 Henry Fonda / 马丁・鲍尔萨姆 Marti...'],231101人评价,9.4
0,比利・怀德满分作品。,控方证人,['\n                            导演: 比利・怀尔德 Billy Wilder\xa0\xa0\xa0主演: 泰隆・鲍华 Tyrone Power / 玛琳・...'],164790人评价,9.6
0,史诗的终章。,指环王3：王者无敌,['\n                            导演: 彼得・杰克逊 Peter Jackson\xa0\xa0\xa0主演: 维果・莫腾森 Viggo Mortensen / ...'],387687人评价,9.1
0,对天空的追逐，永不停止。 ,天空之城,['\n                            导演: 宫崎骏 Hayao Miyazaki\xa0\xa0\xa0主演: 田中真弓 Mayumi Tanaka / 横泽启子 Ke...'],453589人评价,9.1
0,最后那些最无聊的事情，才是最值得怀念的。 ,飞屋环游记,['\n                            导演: 彼特・道格特 Pete Docter / 鲍勃・彼德森 Bob Peterson\xa0\xa0\xa0主演: 爱德...'],691185人评价,8.9
0,你不是在为你一个人战斗，你要让千千万万的女性看到女生并不是只能相夫教子。,摔跤吧！爸爸,['\n                            导演: 涅提・蒂瓦里 Nitesh Tiwari\xa0\xa0\xa0主演: 阿米尔・汗 Aamir Khan / 法缇玛...'],728443人评价,9.0
0,邪恶与平庸蛰伏于同一个母体，在特定的时间互相对峙。,搏击俱乐部,['\n                            导演: 大卫・芬奇 David Fincher\xa0\xa0\xa0主演: 爱德华・诺顿 Edward Norton / 布拉...'],500887人评价,9.0
0,旷古烁今。,大话西游之月光宝盒,['\n                            导演: 刘镇伟 Jeffrey Lau\xa0\xa0\xa0主演: 周星驰 Stephen Chow / 吴孟达 Man Tat Ng...'],591735人评价,8.9
0,爱情哪怕只有一天。,罗马假日,['\n                            导演: 威廉・惠勒 William Wyler\xa0\xa0\xa0主演: 奥黛丽・赫本 Audrey Hepburn / 格...'],518985人评价,9.0
0,带着心爱的人在天空飞翔。,哈尔的移动城堡,['\n                            导演: 宫崎骏 Hayao Miyazaki\xa0\xa0\xa0主演: 倍赏千惠子 Chieko Baish? / 木村拓...'],498401人评价,9.0
0,别样人生。,窃听风暴,['\n                            导演: 弗洛里安・亨克尔・冯・多纳斯马尔克 Florian Henckel von Donnersmarck\xa0\xa0&n...'],308415人评价,9.1
0,史上最美的探戈。,闻香识女人,['\n                            导演: 马丁・布莱斯 Martin Brest\xa0\xa0\xa0主演: 阿尔・帕西诺 Al Pacino / 克里斯...'],441320人评价,9.0
0,电影的现实意义大过电影本身。,辩护人,['\n                            导演: 杨宇硕 Woo-seok Yang\xa0\xa0\xa0主演: 宋康昊 Kang-ho Song / 吴达洙 Dal-su O...'],304528人评价,9.2
0,4个臭皮匠顶个诸葛亮，盖・里奇果然不是盖的。,两杆大烟枪,['\n                            导演: Guy Ritchie\xa0\xa0\xa0主演: Jason Flemyng / Dexter Fletcher / Nick Moran'],343451人评价,9.1
0,自由万岁。,飞越疯人院,['\n                            导演: 米洛斯・福尔曼 Milo? Forman\xa0\xa0\xa0主演: 杰克・尼科尔森 Jack Nichols...'],346234人评价,9.1
0,当一个死水般的体制内出现一个活跃的变数时，所有的腐臭都站在了光明的对面。,死亡诗社,['\n                            导演: 彼得・威尔 Peter Weir\xa0\xa0\xa0主演: 罗宾・威廉姆斯 Robin Williams / 罗伯...'],376552人评价,9.0
0,一张面具背后的理想与革命。,V字仇杀队,['\n                            导演: 詹姆斯・麦克特格 James McTeigue\xa0\xa0\xa0主演: 娜塔莉・波特曼 Natalie Por...'],574832人评价,8.8
0,承前启后的史诗篇章。,指环王2：双塔奇兵,['\n                            导演: 彼得・杰克逊 Peter Jackson\xa0\xa0\xa0主演: 伊利亚・伍德 Elijah Wood / 西恩...'],363840人评价,9.0
0,“不要跟我比惨，我比你更惨”再适合这部电影不过了。,末代皇帝,['\n                            导演: 贝纳尔多・贝托鲁奇 Bernardo Bertolucci\xa0\xa0\xa0主演: 尊龙 John Lone / 陈...'],287599人评价,9.1
0,优雅的孤独。,教父2,['\n                            导演: 弗朗西斯・福特・科波拉 Francis Ford Coppola\xa0\xa0\xa0主演: 阿尔・帕西诺 A...'],259221人评价,9.1
0,传说的开始。,指环王1：魔戒再现,['\n                            导演: 彼得・杰克逊 Peter Jackson\xa0\xa0\xa0主演: 伊利亚・伍德 Elijah Wood / 西恩...'],407606人评价,9.0
0,受过伤害的人总是笑得最开心，因为他们不愿意让身边的人承受一样的痛苦。,素媛,['\n                            导演: 李F益 Jun-ik Lee\xa0\xa0\xa0主演: 薛景求 Kyung-gu Sol / 严志媛 Ji-won Uhm ...'],270023人评价,9.2
0,海豚的微笑，是世界上最高明的伪装。,海豚湾,"[""\n                            导演: 路易・西霍尤斯 Louie Psihoyos\xa0\xa0\xa0主演: Richard O'Barry / 路易・西霍...""]",228344人评价,9.3
0,人生不能像做菜，把所有的料都准备好了才下锅。,饮食男女,['\n                            导演: 李安 Ang Lee\xa0\xa0\xa0主演: 郎雄 Sihung Lung / 杨贵媚 Kuei-Mei Yang / 吴...'],279293人评价,9.1
0,爱是一切逻辑和原由。,美丽心灵,['\n                            导演: 朗・霍华德 Ron Howard\xa0\xa0\xa0主演: 罗素・克劳 Russell Crowe / 艾德・哈...'],399422人评价,8.9
0,暗恋的极致。,情书,['\n                            导演: 岩井俊二 Shunji Iwai\xa0\xa0\xa0主演: 中山美穗 Miho Nakayama / 丰川悦司 Ets...'],497133人评价,8.9
0,动物版《哈姆雷特》。,狮子王,['\n                            导演: Roger Allers / 罗伯・明可夫 Rob Minkoff\xa0\xa0\xa0主演: 乔纳森・泰勒・托马...'],386525人评价,9.0
0,音乐能化解仇恨。,钢琴家,['\n                            导演: 罗曼・波兰斯基 Roman Polanski\xa0\xa0\xa0主演: 艾德里安・布洛迪 Adrien Brod...'],263448人评价,9.1
0,往事如烟，无处祭奠。,美国往事,['\n                            导演: 赛尔乔・莱翁内 Sergio Leone\xa0\xa0\xa0主演: 罗伯特・德尼罗 Robert De Niro ...'],226319人评价,9.1
0,死亡不是真的逝去，遗忘才是永恒的消亡。,寻梦环游记,['\n                            导演: 李・昂克里奇 Lee Unkrich / 阿德里安・莫利纳 Adrian Molina\xa0\xa0\xa0主演: ...'],688933人评价,9.0
0,在时间之河里感受溺水之苦。,本杰明・巴顿奇事,['\n                            导演: 大卫・芬奇 David Fincher\xa0\xa0\xa0主演: 凯特・布兰切特 Cate Blanchett / ...'],519200人评价,8.8
0,奔跑的孩子是天使。,小鞋子,['\n                            导演: 马基德・马基迪 Majid Majidi\xa0\xa0\xa0主演: 法拉赫阿米尔・哈什米安 Amir Fa...'],192993人评价,9.2
0,视觉革命。,黑客帝国,['\n                            导演: 安迪・沃卓斯基 Andy Wachowski / 拉娜・沃卓斯基 Lana Wachowski\xa0\xa0\xa0主...'],387485人评价,8.9
0,美丽无罪。,西西里的美丽传说,['\n                            导演: 朱塞佩・托纳多雷 Giuseppe Tornatore\xa0\xa0\xa0主演: 莫妮卡・贝鲁奇 Monica ...'],487020人评价,8.8
0,你以为你以为的就是你以为的。,看不见的客人,['\n                            导演: 奥里奥尔・保罗 Oriol Paulo\xa0\xa0\xa0主演: 马里奥・卡萨斯 Mario Casas / 阿...'],535528人评价,8.7
0,你给我翻译翻译，神马叫做TMD的惊喜。,让子弹飞,['\n                            导演: 姜文 Wen Jiang\xa0\xa0\xa0主演: 姜文 Wen Jiang / 葛优 You Ge / 周润发 Yun-F...'],847264人评价,8.7
0,孪生蝙蝠侠大战克隆金刚狼。,致命魔术,['\n                            导演: 克里斯托弗・诺兰 Christopher Nolan\xa0\xa0\xa0主演: 休・杰克曼 Hugh Jackman...'],452831人评价,8.8
0,警察抓小偷，老鼠玩死猫。,七宗罪,['\n                            导演: 大卫・芬奇 David Fincher\xa0\xa0\xa0主演: 摩根・弗里曼 Morgan Freeman / 布...'],546194人评价,8.8
0,美利坚精神输出大片No1.,拯救大兵瑞恩,['\n                            导演: 史蒂文・斯皮尔伯格 Steven Spielberg\xa0\xa0\xa0主演: 汤姆・汉克斯 Tom Hanks...'],330039人评价,8.9
0,以戏谑来戏谑戏谑。,被嫌弃的松子的一生,['\n                            导演: 中岛哲也 Tetsuya Nakashima\xa0\xa0\xa0主演: 中谷美纪 Miki Nakatani / 瑛太 E...'],399901人评价,8.9
0,经典之作，历久弥新。,大闹天宫,['\n                            导演: 万籁鸣 Laiming Wan / 唐澄 Cheng  Tang\xa0\xa0\xa0主演: 邱岳峰 Yuefeng Qiu /...'],157364人评价,9.3
0,童话世界的开端。,哈利・波特与魔法石,['\n                            导演: Chris Columbus\xa0\xa0\xa0主演: Daniel Radcliffe / Emma Watson / Rupert Grint'],400681人评价,8.9
0,用音乐化解仇恨，让歌声串起美好。,音乐之声,['\n                            导演: 罗伯特・怀斯 Robert Wise\xa0\xa0\xa0主演: 朱莉・安德鲁斯 Julie Andrews / 克...'],304324人评价,9.0
0,故事的高级讲法。,低俗小说,['\n                            导演: 昆汀・塔伦蒂诺 Quentin Tarantino\xa0\xa0\xa0主演: 约翰・特拉沃尔塔 John Tra...'],444286人评价,8.8
0,法式小清新。 ,天使爱美丽,['\n                            导演: 让-皮埃尔・热内 Jean-Pierre Jeunet\xa0\xa0\xa0主演: 奥黛丽・塔图 Audrey Tau...'],607330人评价,8.7
0,安东尼・霍普金斯的顶级表演。,沉默的羔羊,['\n                            导演: 乔纳森・戴米 Jonathan Demme\xa0\xa0\xa0主演: 朱迪・福斯特 Jodie Foster / 安...'],451628人评价,8.8
0,史诗大片的典范。,勇敢的心,['\n                            导演: 梅尔・吉布森 Mel Gibson\xa0\xa0\xa0主演: 梅尔・吉布森 Mel Gibson / 苏菲・玛...'],361609人评价,8.8
0,浪漫忧郁的成人童话。,剪刀手爱德华,['\n                            导演: 蒂姆・波顿 Tim Burton\xa0\xa0\xa0主演: 约翰尼・德普 Johnny Depp / 薇诺娜・...'],619598人评价,8.7
0,人的命运被自己瞬间的抉择改变。,蝴蝶效应,['\n                            导演: 埃里克・布雷斯 Eric Bress / J・麦基・格鲁伯 J. Mackye Gruber\xa0\xa0\xa0主...'],498079人评价,8.7
0,爱情纠缠，男女一致。,春光乍泄,['\n                            导演: 王家卫 Kar Wai Wong\xa0\xa0\xa0主演: 张国荣 Leslie Cheung / 梁朝伟 Tony Leu...'],329827人评价,8.9
0,骗子大师和执著警探的你追我跑故事。 ,猫鼠游戏,['\n                            导演: 史蒂文・斯皮尔伯格 Steven Spielberg\xa0\xa0\xa0主演: 莱昂纳多・迪卡普里奥 L...'],340404人评价,8.9
0,人生中应该拥有这样的一段豁然开朗。,心灵捕手,['\n                            导演: 格斯・范・桑特 Gus Van Sant\xa0\xa0\xa0主演: 马特・达蒙 Matt Damon / 罗宾・...'],361374人评价,8.8
0,小清新的故事里注入了大历史的情怀。,布达佩斯大饭店,['\n                            导演: 韦斯・安德森 Wes Anderson\xa0\xa0\xa0主演: 拉尔夫・费因斯 Ralph Fiennes / ...'],443804人评价,8.8
0,昔日翩翩少年，今日大腹便便。,禁闭岛,['\n                            导演: Martin Scorsese\xa0\xa0\xa0主演: 莱昂纳多・迪卡普里奥 Leonardo DiCaprio / ...'],480939人评价,8.7
0,死可能是一道门，逝去并不是终结，而是超越，走向下一程。,入殓师,['\n                            导演: 泷田洋二郎 Y?jir? Takita\xa0\xa0\xa0主演: 本木雅弘 Masahiro Motoki / ...'],378693人评价,8.8
0,尽管有些不切实际的幻想，这部电影依旧是一部感人肺腑的佳作。,穿条纹睡衣的男孩,['\n                            导演: 马克・赫尔曼 Mark Herman\xa0\xa0\xa0主演: 阿萨・巴特菲尔德 Asa Butterfield ...'],217697人评价,9.0
0,人与自然的战争史诗。,幽灵公主,['\n                            导演: 宫崎骏 Hayao Miyazaki\xa0\xa0\xa0主演: 松田洋治 Y?ji Matsuda / 石田百合...'],304144人评价,8.8
0,一场华丽的意淫。,阳光灿烂的日子,['\n                            导演: 姜文 Wen Jiang\xa0\xa0\xa0主演: 夏雨 Yu Xia / 宁静 Jing Ning / 陶虹 Hong Tao'],349045人评价,8.8
0,绝对意义上的美轮美奂。,阿凡达,['\n                            导演: 詹姆斯・卡梅隆 James Cameron\xa0\xa0\xa0主演: 萨姆・沃辛顿 Sam Worthington ...'],705263人评价,8.7
0,你是我最好的朋友，你是我唯一的朋友 。,玛丽和马克思,['\n                            导演: 亚当・艾略特 Adam Elliot\xa0\xa0\xa0主演: 托妮・科莱特 Toni Collette / 菲利...'],273554人评价,8.9
0,深入内心的恐怖，出人意料的结局。,第六感,['\n                            导演: M・奈特・沙马兰 M. Night Shyamalan\xa0\xa0\xa0主演: 布鲁斯・威利斯 Bruce Wi...'],299306人评价,8.8
0,人言可畏。,狩猎,['\n                            导演: 托马斯・温特伯格 Thomas Vinterberg\xa0\xa0\xa0主演: 麦斯・米科尔森 Mads Mik...'],178838人评价,9.1
0,最不可能的那个人永远是最可能的。,致命ID,['\n                            导演: James Mangold\xa0\xa0\xa0主演: John Cusack / Ray Liotta / Amanda Peet'],415346人评价,8.7
0,寂寞没有期限。,重庆森林,['\n                            导演: 王家卫 Kar Wai Wong\xa0\xa0\xa0主演: 林青霞 Brigitte Lin / 金城武 Takeshi K...'],427583人评价,8.7
0,每个人心中都有一座断背山。,断背山,['\n                            导演: 李安 Ang Lee\xa0\xa0\xa0主演: 希斯・莱杰 Heath Ledger / 杰克・吉伦哈尔 Jake...'],410914人评价,8.7
0,约翰尼・德普的独角戏。,加勒比海盗,['\n                            导演: 戈尔・维宾斯基 Gore Verbinski\xa0\xa0\xa0主演: 约翰尼・德普 Johnny Depp / ...'],465022人评价,8.7
0,大时代中的人生，小人物的悲喜。,摩登时代,['\n                            导演: 查理・卓别林 Charles Chaplin\xa0\xa0\xa0主演: 查理・卓别林 Charles Chaplin ...'],128786人评价,9.2
0,没有一人完全善，也没有一人完全恶。,告白,['\n                            导演: 中岛哲也 Tetsuya Nakashima\xa0\xa0\xa0主演: 松隆子 Takako Matsu / 冈田将生 ...'],431405人评价,8.7
0,抱着梦想而活着的人是幸福的，怀抱梦想而死去的人是不朽的。,大鱼,['\n                            导演: 蒂姆・波顿 Tim Burton\xa0\xa0\xa0主演: 伊万・麦克格雷格 Ewan McGregor / 阿...'],318967人评价,8.8
0,我们都曾经是一一。,一一,['\n                            导演: 杨德昌 Edward Yang\xa0\xa0\xa0主演: 吴念真 / 李凯莉 Kelly Lee / 金燕玲 Elai...'],194074人评价,9.0
0,我是一个演员。,喜剧之王,['\n                            导演: 周星驰 Stephen Chow / 李力持 Lik-Chi Lee\xa0\xa0\xa0主演: 周星驰 Stephen Ch...'],446501人评价,8.6
0,年度最佳date movie。,消失的爱人,['\n                            导演: 大卫・芬奇 David Fincher\xa0\xa0\xa0主演: 本・阿弗莱克 Ben Affleck / 罗莎蒙...'],473387人评价,8.7
0,百看不厌。 ,射雕英雄传之东成西就,['\n                            导演: 刘镇伟 Jeffrey Lau\xa0\xa0\xa0主演: 梁朝伟 Tony Leung Chiu Wai / 林青霞 Bri...'],349792人评价,8.7
0,相逢只要一瞬间，等待却像是一辈子。,甜蜜蜜,['\n                            导演: 陈可辛 Peter Chan\xa0\xa0\xa0主演: 黎明 Leon Lai / 张曼玉 Maggie Cheung / ...'],284626人评价,8.8
0,再多各自牛逼的时光，也比不上一起傻逼的岁月。 ,阳光姐妹淘,['\n                            导演: 姜炯哲 Hyeong-Cheol Kang\xa0\xa0\xa0主演: 沈恩京 Eun-kyung Shim / 闵孝琳 Hy...'],343953人评价,8.8
0,缘分是个连绵词，最美不过一瞬。,爱在黎明破晓前,['\n                            导演: 理查德・林克莱特 Richard Linklater\xa0\xa0\xa0主演: 伊桑・霍克 Ethan Hawke ...'],290672人评价,8.8
0,那些静得只能听见呼吸的日子里，你明白孤独即生活。,小森林 夏秋篇,['\n                            导演: 森淳一 Junichi Mori\xa0\xa0\xa0主演: 桥本爱 Ai Hashimoto / 三浦贵大 Takahir...'],194595人评价,9.0
0,少女情怀总是诗。,侧耳倾听,['\n                            导演: 近藤喜文 Yoshifumi Kondo\xa0\xa0\xa0主演: 本名阳子 Youko Honna / 小林桂树 K...'],226552人评价,8.8
0,梦的勾结。,红辣椒,['\n                            导演: 今敏 Satoshi Kon\xa0\xa0\xa0主演: 林原惠美 Megumi Hayashibara / 古谷彻 T...'],184866人评价,8.9
0,两张绝世的脸。 ,倩女幽魂,['\n                            导演: 程小东 Siu-Tung Ching\xa0\xa0\xa0主演: 张国荣 Leslie Cheung / 王祖贤 Joey W...'],353368人评价,8.7
0,恐怖分子的“秋菊打官司”。,恐怖直播,['\n                            导演: 金秉v Byeong-woo Kim\xa0\xa0\xa0主演: 河正宇 Jung-woo Ha / 李Z荣 Kyeong-y...'],310975人评价,8.7
0,被上帝抛弃了的上帝之城。,上帝之城,['\n                            导演: Kátia Lund / Fernando Meirelles\xa0\xa0\xa0主演: Alexandre Rodrigues / Lea...'],187271人评价,8.9
0,动画片的圣经。,风之谷,['\n                            导演: 宫崎骏 Hayao Miyazaki\xa0\xa0\xa0主演: 岛本须美 Sumi Shimamoto / 松田洋治 Y...'],224449人评价,8.8
0,穷尽一生，我们要学会的，不过是彼此拥抱。,超脱,['\n                            导演: 托尼・凯耶 Tony Kaye\xa0\xa0\xa0主演: 艾德里安・布洛迪 Adrien Brody / 马西...'],230322人评价,8.8
0,沉醉在电影的情感和视听氛围中无法自拔。,请以你的名字呼唤我,['\n                            导演: 卢卡・瓜达尼诺 Luca Guadagnino\xa0\xa0\xa0主演: 艾米・汉莫 Armie Hammer / ...'],275782人评价,8.8
0,九年后的重逢是世俗和责任的交叠，没了悸动和青涩，沧桑而温暖。,爱在日落黄昏时,['\n                            导演: 理查德・林克莱特 Richard Linklater\xa0\xa0\xa0主演: 伊桑・霍克 Ethan Hawke ...'],254526人评价,8.8
0,和谐的生活离不开摸头与被摸头。,驯龙高手,['\n                            导演: 迪恩・德布洛斯 Dean DeBlois / 克里斯・桑德斯 Chris Sanders\xa0\xa0\xa0主演:...'],378860人评价,8.7
0,从没见过那么流氓的温柔，从没见过那么温柔的流氓。,菊次郎的夏天,['\n                            导演: 北野武 Takeshi Kitano\xa0\xa0\xa0主演: 北野武 Takeshi Kitano / 关口雄介 Yus...'],248445人评价,8.8
0,有时候幸福需要等一等。 ,幸福终点站,['\n                            导演: 史蒂文・斯皮尔伯格 Steven Spielberg\xa0\xa0\xa0主演: 汤姆・汉克斯 Tom Hanks...'],282701人评价,8.7
0,10年的完美句点。,哈利・波特与死亡圣器(下),['\n                            导演: 大卫・叶茨 David Yates\xa0\xa0\xa0主演: 丹尼尔・雷德克里夫 Daniel Radcliffe...'],366206人评价,8.7
0,关于连环杀人悬案的集体回忆。,杀人回忆,['\n                            导演: 奉俊昊 Joon-ho Bong\xa0\xa0\xa0主演: 宋康昊 Kang-ho Song / 金相庆 Sang-kyun...'],271281人评价,8.7
0,尊敬他人，尊敬你生活的这片土地，明白孤独是人生的常态。,小森林 冬春篇,['\n                            导演: 森淳一 Junichi Mori\xa0\xa0\xa0主演: 桥本爱 Ai Hashimoto / 三浦贵大 Takahir...'],169605人评价,9.0
0,Mr. I Don't Care其实也有Care的时候。,神偷奶爸,['\n                            导演: 皮艾尔・柯芬 Pierre Coffin / 克里斯・雷纳德 Chris Renaud\xa0\xa0\xa0主演: ...'],510713人评价,8.5
0,曾经的那段美好会沉淀为一辈子的记忆。,借东西的小人阿莉埃蒂,['\n                            导演: 米林宏昌 Hiromasa Yonebayashi\xa0\xa0\xa0主演: 志田未来 Mirai Shida / 神木...'],277415人评价,8.7
0,《我是山姆》的《美丽人生》。,7号房的礼物,['\n                            导演: 李焕庆 Hwan-kyeong Lee\xa0\xa0\xa0主演: 柳承龙 Seung-yong Ryoo / 朴信惠 Shi...'],239808人评价,8.8
0,不要给它起名字，起了名字就有感情了。,怪兽电力公司,['\n                            导演: 彼特・道格特 Pete Docter / 大卫・斯沃曼 David Silverman\xa0\xa0\xa0主演: 约...'],324551人评价,8.6
0,岁月流逝，来日可追。,岁月神偷,['\n                            导演: 罗启锐 Alex Law\xa0\xa0\xa0主演: 吴君如 Sandra Ng / 任达华 Simon Yam / 钟绍...'],367950人评价,8.7
0,时代悲歌。,七武士,['\n                            导演: 黑泽明 Akira Kurosawa\xa0\xa0\xa0主演: 三船敏郎 Toshir? Mifune / 志村乔 ...'],99787人评价,9.2
0,触不到的恋人。,萤火之森,['\n                            导演: 大森贵弘 Takahiro Omori\xa0\xa0\xa0主演: 佐仓绫音 Ayane Sakura / 内山昂辉 K...'],223855人评价,8.8
0,华太师是黄，吴镇宇四大才子之一。,唐伯虎点秋香,['\n                            导演: 李力持 Lik-Chi Lee\xa0\xa0\xa0主演: 周星驰 Stephen Chow / 巩俐 Li Gong / 陈...'],472867人评价,8.5
0,Balalala~~~,超能陆战队,['\n                            导演: 唐・霍尔 Don Hall / 克里斯・威廉姆斯 Chris Williams\xa0\xa0\xa0主演: 斯科特...'],500090人评价,8.6
0,真相就在眼前。,电锯惊魂,['\n                            导演: 詹姆斯・温 James Wan\xa0\xa0\xa0主演: 雷・沃纳尔 Leigh Whannell / 加利・艾...'],255729人评价,8.7
0,诺兰就是保证。,蝙蝠侠：黑暗骑士崛起,['\n                            导演: 克里斯托弗・诺兰 Christopher Nolan\xa0\xa0\xa0主演: 克里斯蒂安・贝尔 Christ...'],374301人评价,8.7
0,爱，是个动词。,真爱至上,['\n                            导演: 理查德・柯蒂斯 Richard Curtis\xa0\xa0\xa0主演: 休・格兰特 Hugh Grant / 柯林...'],399990人评价,8.6
0,像吃了苏打饼一样干脆的电影。,谍影重重3,['\n                            导演: 保罗・格林格拉斯 Paul Greengrass\xa0\xa0\xa0主演: 马特・达蒙 Matt Damon / ...'],231681人评价,8.7
0,老少皆宜，这就是好莱坞动画的魅力。,疯狂原始人,['\n                            导演: 科克・德・米科 Kirk De Micco / 克里斯・桑德斯 Chris Sanders\xa0\xa0\xa0主演...'],471746人评价,8.7
0,幸福是生生不息，却难以触及的远。 ,萤火虫之墓,['\n                            导演: 高x勋 Isao Takahata\xa0\xa0\xa0主演: 辰己努 / 白石绫乃 / 志乃原良子'],250830人评价,8.7
0,中国家庭的喜怒哀乐忍。,喜宴,['\n                            导演: 李安 Ang Lee\xa0\xa0\xa0主演: 赵文u Winston Chao / 郎雄 Sihung Lung / 归亚...'],178040人评价,8.9
0,电影诗。,东邪西毒,['\n                            导演: 王家卫 Kar Wai Wong\xa0\xa0\xa0主演: 张国荣 Leslie Cheung / 林青霞 Brigitte...'],327178人评价,8.6
0,上帝之城+猜火车+阿甘正传+开心辞典=山寨富翁,贫民窟的百万富翁,['\n                            导演: 丹尼・鲍尔 Danny Boyle / 洛芙琳・坦丹 Loveleen Tandan\xa0\xa0\xa0主演: 戴夫...'],467066人评价,8.5
0,英雄泪短，兄弟情长。 ,英雄本色,['\n                            导演: 吴宇森 John Woo\xa0\xa0\xa0主演: 周润发 Yun-Fat Chow / 狄龙 Lung Ti / 张国...'],241063人评价,8.6
0,一个针管引发的血案。,记忆碎片,['\n                            导演: 克里斯托弗・诺兰 Christopher Nolan\xa0\xa0\xa0主演: 盖・皮尔斯 Guy Pearce /...'],345633人评价,8.6
0,黑暗之美。,黑天鹅,['\n                            导演: 达伦・阿罗诺夫斯基 Darren Aronofsky\xa0\xa0\xa0主演: 娜塔莉・波特曼 Natalie...'],509169人评价,8.5
0,我的平常生活就是他人的幸福。,无人知晓,['\n                            导演: 是枝裕和 Hirokazu Koreeda\xa0\xa0\xa0主演: 柳乐优弥 Y?ya Yagira / 北浦爱...'],107634人评价,9.1
0,荒诞讽刺，千奇百巧，抽丝剥茧，百转千回。,心迷宫,['\n                            导演: 忻钰坤 Yukun Xin\xa0\xa0\xa0主演: 霍卫民 Weimin Huo / 王笑天 Xiaotian Wang ...'],246380人评价,8.7
0,爱是摈弃傲慢与偏见之后的曙光。,傲慢与偏见,['\n                            导演: 乔・怀特 Joe Wright\xa0\xa0\xa0主演: 凯拉・奈特莉 Keira Knightley / 马修・...'],386995人评价,8.5
0,生活在自己的世界里，也可以让周围的人显得可笑和渺小。,雨人,['\n                            导演: 巴瑞・莱文森 Barry Levinson\xa0\xa0\xa0主演: 达斯汀・霍夫曼 Dustin Hoffman ...'],248612人评价,8.7
0,优秀的战争片不会美化战场，不会粉饰死亡，不会矮化敌人，不会无视常识，最重要的，不会宣扬战争。,血战钢锯岭,['\n                            导演: 梅尔・吉布森 Mel Gibson\xa0\xa0\xa0主演: 安德鲁・加菲尔德 Andrew Garfield /...'],424171人评价,8.7
0,始于荒诞，止于更荒诞。,荒蛮故事,['\n                            导演: 达米安・斯兹弗隆 Damián Szifron\xa0\xa0\xa0主演: 达里奥・葛兰帝内提 Darío...'],197092人评价,8.8
0,把每天当作最后一天般珍惜度过，积极拥抱生活，就是幸福。,时空恋旅人,['\n                            导演: 理查德・柯蒂斯 Richard Curtis\xa0\xa0\xa0主演: 多姆纳尔・格里森 Domhnall Gl...'],269005人评价,8.7
0,香港浪漫主义警匪动作片的巅峰之作。,纵横四海,['\n                            导演: 吴宇森 John Woo\xa0\xa0\xa0主演: 周润发 Yun-Fat Chow / 张国荣 Leslie Cheung...'],200433人评价,8.7
0,任何信念的力量，都无法改变命运。,教父3,['\n                            导演: 弗朗西斯・福特・科波拉 Francis Ford Coppola\xa0\xa0\xa0主演: 阿尔・帕西诺 A...'],171029人评价,8.8
0,当这个世界闭上双眼，他却敞开了怀抱。,卢旺达饭店,['\n                            导演: 特瑞・乔治 Terry George\xa0\xa0\xa0主演: 唐・钱德尔 Don Cheadle / 苏菲・奥...'],149376人评价,8.9
0,跨度十五年的欢乐与泪水。,玩具总动员3,['\n                            导演: 李・昂克里奇 Lee Unkrich\xa0\xa0\xa0主演: 汤姆・汉克斯 Tom Hanks / 蒂姆・艾...'],242738人评价,8.8
0,Jared Leto的腿比女人还美！,达拉斯买家俱乐部,['\n                            导演: 让-马克・瓦雷 Jean-Marc Vallée\xa0\xa0\xa0主演: 马修・麦康纳 Matthew McCon...'],240806人评价,8.7
0,偷情本没有这样美。,花样年华,['\n                            导演: 王家卫 Kar Wai Wong\xa0\xa0\xa0主演: 梁朝伟 Tony Leung Chiu Wai / 张曼玉 Ma...'],308197人评价,8.6
0,坏人的好总是比好人的好来得更感人。,完美的世界,['\n                            导演: 克林特・伊斯特伍德 Clint Eastwood\xa0\xa0\xa0主演: 凯文・科斯特纳 Kevin Cos...'],107054人评价,9.0
0,我们都有权利不与自己的过去和解。,海边的曼彻斯特,['\n                            导演: 肯尼斯・罗纳根 Kenneth Lonergan\xa0\xa0\xa0主演: 卡西・阿弗莱克 Casey Affle...'],267907人评价,8.6
0,大海啊，不全是水。,海洋,['\n                            导演: 雅克・贝汉 Jacques Perrin / 雅克・克鲁奥德 Jacques Cluzaud\xa0\xa0\xa0主演:...'],111232人评价,9.0
0,永远看不腻的喜剧。,虎口脱险,['\n                            导演: 杰拉尔・乌里 Gérard Oury\xa0\xa0\xa0主演: 路易・德・菲耐斯 Louis de Funès...'],129725人评价,8.9
0,爱情没有那么多借口，如果不能圆满，只能说明爱的不够。 ,恋恋笔记本,['\n                            导演: 尼克・卡索维茨 Nick Cassavetes\xa0\xa0\xa0主演: 瑞恩・高斯林 Ryan Gosling /...'],353942人评价,8.5
0,感情不分食草或者食肉。,你看起来好像很好吃,['\n                            导演: 藤森雅也 Masaya Fujimori\xa0\xa0\xa0主演: 山口胜平 Kappei Yamaguchi / 爱河...'],185233人评价,8.8
0,传奇，不是每个人都可以拥有。,燃情岁月,['\n                            导演: 爱德华・兹威克 Edward Zwick\xa0\xa0\xa0主演: 布拉德・皮特 Brad Pitt / 安东...'],173037人评价,8.7
0,有一些东西不应该被遗忘。,二十二,['\n                            导演: 郭柯 Ke Guo\xa0\xa0\xa0主演: '],147788人评价,8.7
0,愿我们都不用长大，每一座城堡都能永远存在。,头脑特工队,['\n                            导演: 彼特・道格特 Pete Docter / 罗纳尔多・德尔・卡门 Ronaldo Del Carmen\xa0\xa0&nb...'],304672人评价,8.7
0,热血沸腾，那个低俗、性感的无耻混蛋又来了。,被解救的姜戈,['\n                            导演: 昆汀・塔伦蒂诺 Quentin Tarantino\xa0\xa0\xa0主演: 杰米・福克斯 Jamie Foxx /...'],322466人评价,8.6
0,松鼠才是角儿。,冰川时代,['\n                            导演: 卡洛斯・沙尔丹哈 Carlos Saldanha / 克里斯・韦奇 Chris Wedge\xa0\xa0\xa0主演...'],343944人评价,8.5
0,骨灰级歌舞片。,雨中曲,['\n                            导演: 斯坦利・多南 Stanley Donen / 吉恩・凯利 Gene Kelly\xa0\xa0\xa0主演: 吉恩・...'],113643人评价,9.0
0,爱并不需要智商 。,我是山姆,['\n                            导演: 杰茜・尼尔森 Jessie Nelson\xa0\xa0\xa0主演: Sean Penn / Dakota Fanning / Mi...'],135424人评价,8.9
0,迪士尼和皮克斯拿错剧本的产物。,无敌破坏王,['\n                            导演: 瑞奇・莫尔 Rich Moore\xa0\xa0\xa0主演: 约翰・C・赖利 John C. Reilly / 萨拉...'],270609人评价,8.7
0,对爱的执着，可以超越一切。,人工智能,['\n                            导演: 史蒂文・斯皮尔伯格 Steven Spielberg\xa0\xa0\xa0主演: 海利・乔・奥斯蒙 Haley...'],238270人评价,8.6
0,爱上未来的你。 ,穿越时空的少女,['\n                            导演: 细田守 Mamoru Hosoda\xa0\xa0\xa0主演: 仲里依纱 Riisa Naka / 石田卓也 Takuya...'],227453人评价,8.6
0,这个世界从不善待努力的人，努力了也不一定会成功，但是知道自己在努力，就是活下去的动力。,爆裂鼓手,['\n                            导演: 达米恩・查泽雷 Damien Chazelle\xa0\xa0\xa0主演: 迈尔斯・特勒 Miles Teller /...'],296414人评价,8.6
0,中国式内在的美国电影。,魂断蓝桥,['\n                            导演: 茂文・勒鲁瓦 Mervyn LeRoy\xa0\xa0\xa0主演: 费雯・丽 Vivien Leigh / 罗伯特・...'],153935人评价,8.8
0,穿越错位的时空，仰望陨落的星辰，你没留下你的名字，我却无法忘记那句“我爱你”。,你的名字。,['\n                            导演: 新海诚 Makoto Shinkai\xa0\xa0\xa0主演: 神木隆之介 Ry?nosuke Kamiki / 上...'],658204人评价,8.4
0,不可猜的青春迷笛。 ,猜火车,['\n                            导演: 丹尼・博伊尔 Danny Boyle\xa0\xa0\xa0主演: 伊万・麦克格雷格 Ewan McGregor / ...'],289955人评价,8.5
0,好的剧本是，就算你猜到了结局也猜不到全部。,未麻的部屋,['\n                            导演: 今敏 Satoshi Kon\xa0\xa0\xa0主演: 岩男润子 Junko Iwao / 松本梨香 Rica Matsu...'],129645人评价,8.9
0,他给机器起名“克里斯托弗”，因为这是他初恋的名字。,模仿游戏,['\n                            导演: 莫滕・泰杜姆 Morten Tyldum\xa0\xa0\xa0主演: 本尼迪克特・康伯巴奇 Benedict C...'],323292人评价,8.6
0,惠及一生的美丽。,一个叫欧维的男人决定去死,['\n                            导演: 汉内斯・赫尔姆 Hannes Holm\xa0\xa0\xa0主演: 罗夫・拉斯加德 Rolf Lassg?rd...'],170419人评价,8.8
0,人生的N种可能性。,罗生门,['\n                            导演: 黑泽明 Akira Kurosawa\xa0\xa0\xa0主演: 三船敏郎 Toshir? Mifune / 千秋实 ...'],159771人评价,8.7
0,被偷走的岁月，被伤害的生命，被禁锢的灵魂，终将被希望和善意救赎。,房间,['\n                            导演: 伦尼・阿伯拉罕森 Lenny Abrahamson\xa0\xa0\xa0主演: 布丽・拉尔森 Brie Larson...'],204289人评价,8.8
0,来啊，互相伤害啊！,完美陌生人,['\n                            导演: 保罗・格诺维瑟 Paolo Genovese\xa0\xa0\xa0主演: 马可・贾利尼 Marco Giallini ...'],298319人评价,8.5
0,养狗三日，便会对你终其一生。,忠犬八公物语,['\n                            导演: Seijir? K?yama\xa0\xa0\xa0主演: 山本圭 Kei Yamamoto / 井川比佐志 Hisa...'],83934人评价,9.1
0,,三块广告牌,['\n                            导演: 马丁・麦克唐纳 Martin McDonagh\xa0\xa0\xa0主演: 弗兰西斯・麦克多蒙德 France...'],423601人评价,8.7
0,王家卫是一种风格，张国荣是一个代表。,阿飞正传,['\n                            导演: 王家卫 Kar Wai Wong\xa0\xa0\xa0主演: 张国荣 Leslie Cheung / 张曼玉 Maggie C...'],267532人评价,8.5
0,不要企图在重复中寻找已经失去的爱。,恐怖游轮,['\n                            导演: 克里斯托弗・史密斯 Christopher Smith\xa0\xa0\xa0主演: 梅利莎・乔治 Melissa ...'],413328人评价,8.4
0,宫崎骏的电影总让人感觉世界是美好的，阳光明媚的。,魔女宅急便,['\n                            导演: 宫崎骏 Hayao Miyazaki\xa0\xa0\xa0主演: 高山南 Minami Takayama / 佐久间玲 Re...'],250320人评价,8.5
0,一个单凭体香达到高潮的男人。,香水,['\n                            导演: 汤姆・提克威 Tom Tykwer\xa0\xa0\xa0主演: 本・卫肖 Ben Whishaw / 艾伦・瑞克...'],335768人评价,8.4
0,世界离独裁只有五天。,浪潮,['\n                            导演: 丹尼斯・甘塞尔 Dennis Gansel\xa0\xa0\xa0主演: 尤尔根・沃格尔 Jürgen Vogel ...'],161228人评价,8.7
0,当爱情跨越年龄的界限，它似乎能变得更久远一点，成为一种责任，一种水到渠成的相濡以沫。 ,朗读者,['\n                            导演: 史蒂芬・戴德利 Stephen Daldry\xa0\xa0\xa0主演: 凯特・温丝莱特 Kate Winslet ...'],317587人评价,8.5
0,想你时你在闹海。,哪吒闹海,['\n                            导演: 严定宪 Dingxian Yan / 王树忱 Shuchen Wang\xa0\xa0\xa0主演: 梁正晖 Zhenghui ...'],108059人评价,8.9
0,坚硬的信仰。,可可西里,['\n                            导演: 陆川 Chuan Lu\xa0\xa0\xa0主演: 多布杰 Duobujie / 张磊 Lei Zhang / 亓亮 Qi L...'],158283人评价,8.7
0,不得不说，《黑客帝国》系列是商业片与科幻、哲学完美结合的典范。,黑客帝国3：矩阵革命,['\n                            导演: Andy Wachowski / Larry Wachowski\xa0\xa0\xa0主演: 基努・里维斯 Keanu Reeves...'],201150人评价,8.6
0,是枝裕和的家庭习作。,海街日记,['\n                            导演: 是枝裕和 Hirokazu Koreeda\xa0\xa0\xa0主演: 绫濑遥 Haruka Ayase / 长泽雅美 M...'],185262人评价,8.7
0,哗啦啦啦啦，天在下雨，哗啦啦啦啦，云在哭泣……找自己。,谍影重重,['\n                            导演: 道格・里曼 Doug Liman\xa0\xa0\xa0主演: 马特・达蒙 Matt Damon / 弗兰卡・波坦...'],238884人评价,8.5
0,做一颗让别人需要你的棋子。,战争之王,['\n                            导演: 安德鲁・尼科尔 Andrew Niccol\xa0\xa0\xa0主演: 尼古拉斯・凯奇 Nicolas Cage /...'],208106人评价,8.6
0,谁说王家卫镜头很晃？,谍影重重2,['\n                            导演: 保罗・格林格拉斯 Paul Greengrass\xa0\xa0\xa0主演: 马特・达蒙 Matt Damon / ...'],199739人评价,8.6
0,弱者送给弱者的一刀。,牯岭街少年杀人事件,['\n                            导演: 杨德昌 Edward Yang\xa0\xa0\xa0主演: 张震 Chen Chang / 杨静怡 Lisa Yang / 张...'],134822人评价,8.8
0,天使保护事件始末。,地球上的星星,['\n                            导演: 阿米尔・汗 Aamir Khan\xa0\xa0\xa0主演: 达席尔・萨法瑞 Darsheel Safary / 阿...'],108102人评价,8.9
0,只有有信仰的人才能说出事实真相。,一次别离,['\n                            导演: 阿斯哈・法哈蒂  Asghar Farhadi\xa0\xa0\xa0主演: 佩曼・莫阿迪 Peyman Moadi /...'],157801人评价,8.7
0,诺兰的牛逼来源于内心散发出的恐惧。,追随,['\n                            导演: 克里斯托弗・诺兰 Christopher Nolan\xa0\xa0\xa0主演: 杰里米・西奥伯德 Jeremy...'],99857人评价,8.9
0,人生如此，浮生如斯。谁人言，花彼岸，此生情长意短。谁都是不懂爱的罢了。,青蛇,['\n                            导演: 徐克 Hark Tsui\xa0\xa0\xa0主演: 张曼玉 Maggie Cheung / 王祖贤 Joey Wang / ...'],277714人评价,8.5
0,故事的反转与反转，分裂电影的始祖。,惊魂记,['\n                            导演: Alfred Hitchcock\xa0\xa0\xa0主演: Janet Leigh / Anthony Perkins / Vera Miles'],107646人评价,8.9
0,天使与魔鬼的冲撞。,撞车,['\n                            导演: 保罗・哈吉斯 Paul Haggis\xa0\xa0\xa0主演: 桑德拉・布洛克 Sandra Bullock / ...'],205714人评价,8.6
0,少见的超越首部的续集，动作片中的经典。,终结者2：审判日,['\n                            导演: 詹姆斯・卡梅隆 James Cameron\xa0\xa0\xa0主演: 阿诺・施瓦辛格 Arnold Schwarz...'],180072人评价,8.6
0,爱我就给我看你的播放列表。,再次出发之纽约遇见你,['\n                            导演: 约翰・卡尼 John Carney\xa0\xa0\xa0主演: 凯拉・奈特莉 Keira Knightley / 马克...'],221717人评价,8.5
0,中国版《两杆大烟枪》。,疯狂的石头,['\n                            导演: 宁浩 Hao Ning\xa0\xa0\xa0主演: 郭涛 Tao Guo / 刘桦 Hua Liu / 连晋 Teddy Lin'],407717人评价,8.4
0,宝莱坞的萝莉与大叔。,小萝莉的猴神大叔,['\n                            导演: 卡比尔・汗 Kabir Khan\xa0\xa0\xa0主演: 萨尔曼・汗 Salman Khan / 哈莎莉・马...'],234266人评价,8.5
0,邓肯・琼斯继《月球》之后再度奉献出一部精彩绝伦的科幻佳作。,源代码,['\n                            导演: 邓肯・琼斯 Duncan Jones\xa0\xa0\xa0主演: 杰克・吉伦哈尔 Jake Gyllenhaal / ...'],486354人评价,8.4
0,日本的家庭电影已经是世界巅峰了，步履不停是巅峰中的佳作。,步履不停,['\n                            导演: 是枝裕和 Hirokazu Koreeda\xa0\xa0\xa0主演: 阿部宽 Hiroshi Abe / 夏川结衣 Yu...'],119566人评价,8.8
0,嬉笑怒骂，调风动月。,新龙门客栈,['\n                            导演: 李惠民 Raymond Lee\xa0\xa0\xa0主演: 张曼玉 Maggie Cheung / 林青霞 Brigitte ...'],233511人评价,8.5
0,一场没有春天的噩梦。,梦之安魂曲,['\n                            导演: 达伦・阿伦诺夫斯基 Darren Aronofsky\xa0\xa0\xa0主演: 艾伦・伯斯汀 Ellen Bur...'],134521人评价,8.7
0,黑小鸭速效美白记。,初恋这件小事,['\n                            导演: 普特鹏・普罗萨卡・那・萨克那卡林 Puttipong Promsaka Na Sakolnakorn / 华森・波克彭...'],573445人评价,8.3
0,东京那么大，如果有一天走失了，恐怕一辈子不能再相见。,东京物语,['\n                            导演: 小津安二郎 Yasujir? Ozu\xa0\xa0\xa0主演: 笠智众 Chish? Ry? / 原节...'],65229人评价,9.2
0,所谓爱情，就是话唠一路，都不会心生腻烦，彼此嫌弃。,爱在午夜降临前,['\n                            导演: 理查德・林克莱特 Richard Linklater\xa0\xa0\xa0主演: 伊桑・霍克 Ethan Hawke ...'],148888人评价,8.8
0,永远的小人物，伟大的卓别林。,城市之光,['\n                            导演: Charles Chaplin\xa0\xa0\xa0主演: 查理・卓别林 Charles Chaplin / 弗吉尼亚・...'],58387人评价,9.3
0,昆汀同学越来越变态了，比北野武还杜琪峰。,无耻混蛋,['\n                            导演: Quentin Tarantino\xa0\xa0\xa0主演: 布拉德・皮特 Brad Pitt / 梅拉尼・罗兰 M...'],269287人评价,8.5
0,天使暂时离开。,绿里奇迹,['\n                            导演: Frank Darabont\xa0\xa0\xa0主演: 汤姆・汉克斯 Tom Hanks / 大卫・摩斯 David M...'],131886人评价,8.7
0,传奇的年代，醉人的童话。,天书奇谭,['\n                            导演: 王树忱 Shuchen Wang / 钱运达 Yunda Qian\xa0\xa0\xa0主演: 丁建华 Jianhua Din...'],69719人评价,9.1
0,科幻真正的魅力不是视觉效果能取代的。 ,这个男人来自地球,['\n                            导演: 理查德・沙因克曼 Richard Schenkman\xa0\xa0\xa0主演: 大卫・李・史密斯 David ...'],227052人评价,8.5
0,小成本大魅力。,彗星来的那一夜,['\n                            导演: 詹姆斯・沃德・布柯特 James Ward Byrkit\xa0\xa0\xa0主演: 艾米丽・芭尔多尼 Em...'],243584人评价,8.5
0,生病的E.T.皮肤的颜色就像柿子饼。,E.T. 外星人,['\n                            导演: Steven Spielberg\xa0\xa0\xa0主演: Henry Thomas / Dee Wallace / Robert MacNa...'],193830人评价,8.5
0,没有了退路，只好飞向自由。,末路狂花,['\n                            导演: 雷德利・斯科特 Ridley Scott\xa0\xa0\xa0主演: 吉娜・戴维斯 Geena Davis / 苏...'],126815人评价,8.7
0,每个美丽事物背后都是滴血的现实。,血钻,['\n                            导演: 爱德华・兹威克 Edward Zwick\xa0\xa0\xa0主演: 莱昂纳多・迪卡普里奥 Leonardo ...'],172254人评价,8.6
0,类型片的极致。 ,勇闯夺命岛,['\n                            导演: 迈克尔・贝 Michael Bay\xa0\xa0\xa0主演: 肖恩・康纳利 Sean Connery / 尼古拉...'],169324人评价,8.6
0,,海蒂和爷爷,['\n                            导演: 阿兰・葛斯彭纳 Alain Gsponer\xa0\xa0\xa0主演: 阿努克・斯特芬 Anuk Steffen /...'],76352人评价,9.1
0,当发哥的风衣、墨镜出现在了凯奇身上??,变脸,['\n                            导演: 吴宇森 John Woo\xa0\xa0\xa0主演: 约翰・特拉沃尔塔 John Travolta / 尼古拉斯...'],254118人评价,8.4
0,新闻人的理性求真。,聚焦,['\n                            导演: 托马斯・麦卡锡 Thomas McCarthy\xa0\xa0\xa0主演: 马克・鲁弗洛 Mark Ruffalo /...'],158258人评价,8.8
0,青春就是放弃和怀念。,秒速5厘米,['\n                            导演: 新海诚 Makoto Shinkai\xa0\xa0\xa0主演: 水桥研二 Kenji Mizuhashi / 近藤好美 ...'],375615人评价,8.3
0,我完全康复了。,发条橙,['\n                            导演: Stanley Kubrick\xa0\xa0\xa0主演: Malcolm McDowell / Patrick Magee / Michael...'],219994人评价,8.5
0,最棒的西部片。,黄金三镖客,['\n                            导演: Sergio Leone\xa0\xa0\xa0主演: Clint Eastwood / Eli Wallach / Lee Van Cleef'],64936人评价,9.1
0,现代科幻电影的开山之作，最伟大导演的最伟大影片。,2001太空漫游,['\n                            导演: 斯坦利・库布里克 Stanley Kubrick\xa0\xa0\xa0主演: 凯尔・杜拉 Keir Dullea / ...'],128383人评价,8.7
0,世界上有那么多女人那么多酒馆，但她偏偏走进我的这家。,卡萨布兰卡,['\n                            导演: 迈克尔・柯蒂兹 Michael Curtiz\xa0\xa0\xa0主演: 亨弗莱・鲍嘉 Humphrey Bogart...'],148700人评价,8.6
0,我不信仰上帝，但我敬畏上帝。,非常嫌疑犯,['\n                            导演: 布莱恩・辛格 Bryan Singer\xa0\xa0\xa0主演: 史蒂芬・鲍德温 Stephen Baldwin /...'],147965人评价,8.6
0,还原真实而残酷的战争。,黑鹰坠落,['\n                            导演: 雷德利・斯科特 Ridley Scott\xa0\xa0\xa0主演: 乔什・哈奈特 Josh Hartnett / ...'],151129人评价,8.6
0,皇上无话儿。,国王的演讲,['\n                            导演: 汤姆・霍珀 Tom Hooper\xa0\xa0\xa0主演: 柯林・菲尔斯 Colin Firth / 杰弗里・...'],405753人评价,8.3
0,你要相信，这世上真的有爱存在，不管在什么年纪 ,我爱你,['\n                            导演: 秋昌民 Chang-min Choo\xa0\xa0\xa0主演: 宋在河 Jae-ho Song / 李顺载 Soon-jae...'],75584人评价,9.0
0,每个人的内心都是深不可测的大海。 ,美国丽人,['\n                            导演: 萨姆・门德斯 Sam Mendes\xa0\xa0\xa0主演: 凯文・史派西 Kevin Spacey / 安妮特...'],221040人评价,8.5
0,一部能引人思考的科幻励志片。,千钧一发,['\n                            导演: 安德鲁・尼科尔 Andrew Niccol\xa0\xa0\xa0主演: 伊桑・霍克 Ethan Hawke / 乌玛...'],115653人评价,8.7
0,在那片深蓝中，感受来自大海的忧伤寂寞与美丽自由。,碧海蓝天,['\n                            导演: Luc Besson\xa0\xa0\xa0主演: 让-马克・巴尔 Jean-Marc Barr / 让・雷诺 Jean Re...'],118489人评价,8.7
0,用剩余不多的时间，去燃烧整个生命。,遗愿清单,['\n                            导演: 罗伯・莱纳 Rob Reiner\xa0\xa0\xa0主演: 杰克・尼科尔森 Jack Nicholson / 摩根...'],166202人评价,8.5
0,"In memory, love lives forever...",英国病人,['\n                            导演: 安东尼・明格拉 Anthony Minghella\xa0\xa0\xa0主演: 拉尔夫・费因斯 Ralph Fien...'],200563人评价,8.5
0,出门必备：本草纲目。,荒野生存,['\n                            导演: 西恩・潘 Sean Penn\xa0\xa0\xa0主演: 埃米尔・赫斯基 Emile Hirsch / 马西娅・...'],151626人评价,8.6
0,生命不止，摇滚不死。,海盗电台,['\n                            导演: 理查德・柯蒂斯 Richard Curtis\xa0\xa0\xa0主演: 比尔・奈伊 Bill Nighy / 肯尼...'],186592人评价,8.6
0,一个人的独角戏。,荒岛余生,['\n                            导演: 罗伯特・泽米吉斯 Robert Zemeckis\xa0\xa0\xa0主演: 汤姆・汉克斯 Tom Hanks / ...'],167867人评价,8.5
0,,疯狂的麦克斯4：狂暴之路,['\n                            导演: 乔治・米勒 George Miller\xa0\xa0\xa0主演: 汤姆・哈迪 Tom Hardy / 查理兹・塞...'],259076人评价,8.6
0,一群演技精湛的戏骨，奉献出一个精致的黑帮小品，成就杜琪峰群戏的巅峰之作。,枪火,['\n                            导演: 杜琪峰 Johnnie To\xa0\xa0\xa0主演: 吴镇宇 Francis Ng / 任达华 Simon Yam / ...'],122061人评价,8.7
0,热血沸腾，相当完美的娱乐拳击大餐。,勇士,"[""\n                            导演: 加文・欧康诺 Gavin O'Connor\xa0\xa0\xa0主演: 汤姆・哈迪 Tom Hardy / 乔尔・...""]",101776人评价,8.9
0,上承《银翼杀手》，下启《黑客帝国》。,攻壳机动队,['\n                            导演: 押井守 Mamoru Oshii\xa0\xa0\xa0主演: 田中敦子 Atsuko Tanaka / 大冢明夫 Akio...'],75265人评价,8.9
